Data for April 1, 2023 through April 24, 2023

Name, StationType, County, Longitude, Latitude, Elevation, TotalPrecipitation
EL CAPITAN DAM, COOP, San Diego, -116.815, 32.886, 600, 0.07
POWAY VALLEY, COOP, San Diego, -117.031, 33.020, 648, 0.10
JULIAN CDF, COOP, San Diego, -116.592, 33.076, 4215, 0.12
CARLSBAD MCCLELLAN PALOMAR AP, WBAN, San Diego, -117.277, 33.130, 313, 0.16
HENSHAW DAM, COOP, San Diego, -116.761, 33.237, 2700, 0.10
VISTA, COOP, San Diego, -117.232, 33.235, 430, 0.16
OCEANSIDE MARINA, COOP, San Diego, -117.395, 33.210, 10, 0.07
BORREGO DESERT PARK, COOP, San Diego, -116.404, 33.256, 810, 0.00
PALOMAR MTN OBSERVATORY, COOP, San Diego, -116.840, 33.378, 5550, 0.00
BLYTHE ASOS, WBAN, Riverside, -114.715, 33.619, 395, 0.00
DESERT RESORTS REGIONAL AP, WBAN, Riverside, -116.164, 33.632, -118, 0.00
ELSINORE, COOP, Riverside, -117.346, 33.686, 1268, 0.00
SANTA ANA JOHN WAYNE AP, WBAN, Orange, -117.867, 33.680, 43, 0.04
HAYFIELD PUMPING PLANT, COOP, Riverside, -115.629, 33.704, 1370, 0.00
IDYLLWILD FIRE DEPT, COOP, Riverside, -116.707, 33.757, 5380, 0.00
SAN JACINTO, COOP, Riverside, -116.975, 33.797, 1525, 0.04
HEMET, COOP, Riverside, -116.894, 33.738, 1811, 0.07
SANTA ANA FIRE STATION, COOP, Orange, -117.867, 33.744, 135, 0.00
EAGLE MOUNTAIN, COOP, Riverside, -115.451, 33.808, 973, 0.00
PALM SPRINGS, COOP, Riverside, -116.510, 33.828, 425, 0.00
LONG BEACH DAUGHERTY AP, WBAN, Los Angeles, -118.147, 33.812, 34, 0.07
FULLERTON MUNICIPAL AP, WBAN, Orange, -117.986, 33.872, 86, T
MARCH AFB, WBAN, Riverside, -117.250, 33.900, 1536, T
HAWTHORNE MUNICIPAL AP, WBAN, Los Angeles, -118.333, 33.924, 55, 0.11
LOS ANGELES INTL AP, WBAN, Los Angeles, -118.387, 33.938, 97, 0.09
RIVERSIDE FIRE STATION 3, COOP, Riverside, -117.388, 33.951, 840, 0.12
RIVERSIDE MUNICIPAL AP, WBAN, Riverside, -117.435, 33.953, 845, 0.04
CHINO AP, WBAN, San Bernardino, -117.625, 33.976, 636, 0.03
CULVER CITY, COOP, Los Angeles, -118.414, 34.005, 92, 0.13
SANTA MONICA MUNICIPAL AP, WBAN, Los Angeles, -118.447, 34.021, 175, 0.02
ONTARIO INTL AP, WBAN, San Bernardino, -117.577, 34.053, 924, 0.01
U C L A, COOP, Los Angeles, -118.443, 34.070, 430, 0.01
IRON MOUNTAIN, COOP, San Bernardino, -115.122, 34.147, 922, 0.00
JOSHUA TREE, COOP, San Bernardino, -116.275, 34.147, 2563, 0.00
POINT MUGU NF, WBAN, Ventura, -119.123, 34.124, 12, T
SAN GABRIEL CANYON PH, COOP, Los Angeles, -117.908, 34.155, 744, 0.75
WOODLAND HILLS PIERCE COLLEGE, COOP, Los Angeles, -118.574, 34.182, 790, 0.00
VAN NUYS AP, WBAN, Los Angeles, -118.491, 34.212, 785, 0.01
CAMARILLO AP, WBAN, Ventura, -119.088, 34.211, 71, T
OXNARD VENTURA COUNTY AP, WBAN, Ventura, -119.204, 34.200, 39, 0.00
BIG BEAR LAKE, COOP, San Bernardino, -116.917, 34.243, 6753, 0.01
SANTA BARBARA MUNI AP, WBAN, Santa Barbara, -119.842, 34.424, 8, T
VICTORVILLE, COOP, San Bernardino, -117.293, 34.529, 2880, 0.00
SAUGUS POWER PLANT 1, COOP, Los Angeles, -118.454, 34.590, 2161, 0.16
CACHUMA LAKE, COOP, Santa Barbara, -119.982, 34.582, 789, 0.02
PALMDALE AP, WBAN, Los Angeles, -118.083, 34.629, 2509, T
LOMPOC AP, WBAN, Santa Barbara, -120.467, 34.667, 88, 0.00
LANCASTER, WBAN, Los Angeles, -118.213, 34.741, 2338, 0.00
SANDBERG, WBAN, Los Angeles, -118.725, 34.744, 4510, T
NEW CUYAMA FIRE STATION, COOP, Santa Barbara, -119.683, 34.946, 2160, 0.00
TWITCHELL DAM, COOP, Santa Barbara, -120.321, 34.988, 582, 0.00
MORRO BAY FIRE DEPT, COOP, San Luis Obispo, -120.845, 35.367, 118, 0.00
BAKERSFIELD AP, WBAN, Kern, -119.055, 35.434, 490, T
BUTTONWILLOW, COOP, Kern, -119.470, 35.403, 225, 0.00
TRONA, COOP, San Bernardino, -117.391, 35.764, 1695, 0.00
KETTLEMAN CITY, COOP, Kings, -119.960, 36.007, 240, 0.00
CORCORAN IRRIGATION DIST., COOP, Kings, -119.582, 36.098, 200, 0.00
KING CITY, COOP, Monterey, -121.138, 36.207, 320, 0.05
LINDSAY, COOP, Tulare, -119.054, 36.203, 435, 0.00
BIG SUR STATION, COOP, Monterey, -121.780, 36.247, 200, 0.06
VISALIA, COOP, Tulare, -119.300, 36.328, 303, 0.00
PINNACLES NATIONAL PARK, COOP, San Benito, -121.182, 36.482, 1307, 0.05
LODGEPOLE, COOP, Tulare, -118.732, 36.604, 6735, 0.60
MONTEREY, COOP, Monterey, -121.855, 36.593, 122, 0.15
SALINAS AP, WBAN, Monterey, -121.609, 36.664, 73, 0.03
GRANT GROVE, COOP, Tulare, -118.962, 36.738, 6580, 0.00
HOLLISTER 2, COOP, San Benito, -121.421, 36.848, 275, 0.00
WATSONVILLE WATERWORKS, COOP, Santa Cruz, -121.769, 36.931, 95, 0.06
FRIANT GOVERNMENT CAMP, COOP, Fresno, -119.707, 36.997, 410, 0.00
GILROY, COOP, Santa Clara, -121.561, 37.003, 194, 0.03
LOS BANOS, COOP, Merced, -120.867, 37.056, 120, 0.01
ASPENDELL, COOP, Inyo, -118.599, 37.232, 8470, 1.05
NORTH FORK RS, COOP, Madera, -119.510, 37.233, 2645, 1.86
MOUNT HAMILTON, WBAN, Santa Clara, -121.635, 37.343, 4220, T
BISHOP AIRPORT, WBAN, Inyo, -118.359, 37.371, 4110, 0.00
REDWOOD CITY, COOP, San Mateo, -122.239, 37.477, 31, 0.04
HALF MOON BAY, COOP, San Mateo, -122.443, 37.473, 27, 0.39
EXCHEQUER DAM, COOP, Mariposa, -120.267, 37.585, 442, 0.01
MODESTO AP, WBAN, Stanislaus, -120.955, 37.625, 87, 0.06
HAYWARD AIR TERMINAL, WBAN, Alameda, -122.121, 37.659, 31, 0.14
LIVERMORE MUNICIPAL AP, WBAN, Alameda, -121.815, 37.693, 393, 0.08
OAKLAND INTERNATIONAL AIRPORT, WBAN, Alameda, -122.233, 37.718, 5, 0.15
SAN FRANCISCO DOWNTOWN, WBAN, San Francisco, -122.427, 37.771, 150, 0.24
GROVELAND 2, COOP, Tuolumne, -120.226, 37.844, 2800, 0.35
TRACY PUMPING PLANT, COOP, Alameda, -121.583, 37.796, 61, 0.03
OAKLAND MUSEUM, COOP, Alameda, -122.264, 37.798, 30, 0.11
STOCKTON AP, WBAN, San Joaquin, -121.226, 37.890, 27, 0.14
RICHMOND, COOP, Contra Costa, -122.377, 37.919, 20, 0.27
SONORA, COOP, Tuolumne, -120.387, 37.967, 1675, 0.00
CONCORD BUCHANAN FIELD, WBAN, Contra Costa, -122.053, 37.992, 23, 0.04
SAN RAFAEL-CIVIC CENTER, COOP, Marin, -122.537, 37.998, 120, 0.34
KENTFIELD, COOP, Marin, -122.545, 37.957, 145, 1.76
SAN ANDREAS 2, COOP, Calaveras, -120.671, 38.191, 1100, 0.08
ACAMPO 5NE, COOP, San Joaquin, -121.201, 38.218, 87, 0.20
NAPA COUNTY AIRPORT, WBAN, Napa, -122.280, 38.208, 16, 0.14
SUTTER HILL CDF, COOP, Amador, -120.801, 38.377, 1586, 0.26
FIDDLETOWN DEXTER RCH, COOP, Amador, -120.698, 38.525, 2170, 0.09
SACRAMENTO AP ASOS, WBAN, Sacramento, -121.496, 38.507, 19, 0.15
WINTERS, WBAN, Yolo, -121.978, 38.525, 135, 0.09
LAKE SOLANO, COOP, Solano, -122.004, 38.492, 187, 0.01
SACRAMENTO 5 ESE, WBAN, Sacramento, -121.418, 38.555, 38, 0.17
CALISTOGA, COOP, Napa, -122.578, 38.577, 350, 0.34
SACRAMENTO METROPOLITAN AP, WBAN, Sacramento, -121.595, 38.701, 24, 0.23
MIDDLETOWN, COOP, Lake, -122.626, 38.748, 1121, 1.03
CLOVERDALE, COOP, Sonoma, -123.026, 38.793, 400, 0.99
KELSEY 1 N, COOP, El Dorado, -120.821, 38.809, 2000, T
SOUTH LAKE TAHOE AP, WBAN, El Dorado, -119.996, 38.898, 6257, 0.27
GEORGETOWN RS, COOP, El Dorado, -120.801, 38.933, 3001, 0.00
AUBURN, COOP, Placer, -121.084, 38.907, 1292, 0.35
MARYSVILLE AIRPORT (ASOS), WBAN, Yuba, -121.569, 39.102, 62, 0.23
UKIAH MUNICIPAL AP, WBAN, Mendocino, -123.200, 39.128, 603, 0.67
GRASS VALLEY NO. 2, COOP, Nevada, -121.068, 39.204, 2400, 1.34
BLUE CANYON NYACK AP, WBAN, Placer, -120.709, 39.276, 5286, 1.93
NEVADA CITY, COOP, Nevada, -121.001, 39.247, 2781, 1.48
TRUCKEE AIRPORT, WBAN, Nevada, -120.139, 39.320, 5900, 0.65
BOCA, COOP, Nevada, -120.094, 39.389, 5575, 0.59
POTTER VALLEY POWERHOUSE, COOP, Mendocino, -123.129, 39.362, 1018, 1.03
OROVILLE MUNICIPAL AP, WBAN, Butte, -121.622, 39.494, 187, 0.38
SIERRAVILLE RS, COOP, Sierra, -120.370, 39.583, 4975, 0.00
STRAWBERRY VALLEY 2, COOP, Yuba, -121.161, 39.532, 3710, 4.37
STONY GORGE RESERVOIR, COOP, Glenn, -122.534, 39.586, 800, 0.38
PORTOLA, COOP, Plumas, -120.472, 39.805, 4850, 0.62
COLEMAN FISHERIES STATION, COOP, Shasta, -122.143, 40.400, 420, 0.95
SCOTIA, COOP, Humboldt, -124.104, 40.483, 136, 2.45
WHISKEYTOWN RESERVOIR, COOP, Shasta, -122.528, 40.612, 1295, 1.83
SHASTA DAM, COOP, Shasta, -122.416, 40.714, 1075, 3.26
WILLOW CREEK 1 NW, COOP, Humboldt, -123.636, 40.947, 464, 1.34
ADIN RANGER STATION, COOP, Modoc, -120.945, 41.193, 4202, 0.28
DUNSMUIR TREATMENT PL, COOP, Siskiyou, -122.282, 41.183, 2169, 3.61
JESS VALLEY, COOP, Modoc, -120.298, 41.271, 5319, 1.38
MCCLOUD, COOP, Siskiyou, -122.138, 41.252, 3233, 1.00
FORT JONES RS, COOP, Siskiyou, -122.848, 41.601, 2729, 0.68
CRESCENT CITY MCNAMARA AP, WBAN, Del Norte, -124.238, 41.784, 56, 5.31
FORT BIDWELL, COOP, Modoc, -120.157, 41.872, 4739, 0.05
GASQUET RS, COOP, Del Norte, -123.967, 41.846, 387, 0.35
TULELAKE, COOP, Siskiyou, -121.474, 41.960, 4038, 0.36
BARSTOW, COOP, San Bernardino, -117.022, 34.893, 2220, 0.00
EL CAJON, COOP, San Diego, -116.928, 32.801, 495, 0.04
MARKLEY COVE, COOP, Napa, -122.124, 38.492, 480, 0.09
LORAINE 5 NNE, COOP, Kern, -118.412, 35.384, 4235, 0.00
LEE VINING, COOP, Mono, -119.119, 37.957, 6797, T
ANAHEIM, COOP, Orange, -117.842, 33.865, 235, 0.07
NEW MELONES DAM HQ, COOP, Tuolumne, -120.486, 38.005, 960, 0.14
SKYLINE RIDGE PRESERVE, COOP, San Mateo, -122.185, 37.313, 2270, 0.52
FREMONT, COOP, Alameda, -122.016, 37.542, 38, 0.03
BISHOP, COOP, Inyo, -118.414, 37.388, 4181, 0.00
TEHACHAPI 4 SE, COOP, Kern, -118.422, 35.101, 4220, 0.03
VALLEJO, COOP, Solano, -122.187, 38.100, 341, 0.22
OXNARD WFO, COOP, Ventura, -119.137, 34.207, 52, T
HANFORD MUNICIPAL AP, WBAN, Kings, -119.623, 36.311, 249, T
RAMONA AIRPORT, WBAN, San Diego, -116.916, 33.038, 1385, 0.03
VACAVILLE/NUT TREE AP ASOS, WBAN, Solano, -121.959, 38.378, 104, 0.09
ALTURAS MUNICIPAL AP, WBAN, Modoc, -120.561, 41.484, 4383, 0.53
MADERA MUNICIPAL AP, WBAN, Madera, -120.111, 36.985, 251, T
BAKERSFIELD 5 NW, COOP, Kern, -119.051, 35.419, 470, 0.00
FRESNO 5 NE, COOP, Fresno, -119.709, 36.767, 338, 0.00
OCEANSIDE MUNICIPAL AP, WBAN, San Diego, -117.350, 33.219, 30, 0.11
SAN DIEGO SEAWORLD, COOP, San Diego, -117.231, 32.765, 14, 0.06
ARCATA EUREKA AP, WBAN, Humboldt, -124.105, 40.978, 211, 3.31
NEWPORT BEACH HARBOR, WBAN, Orange, -117.884, 33.603, 10, 0.12
ESCONDIDO NO. 2, COOP, San Diego, -117.090, 33.121, 600, 0.15
REDDING AP, WBAN, Shasta, -122.298, 40.515, 501, 0.94
AVALON CATALINA AP, WBAN, Los Angeles, -118.415, 33.404, 1565, 0.01
SANTA MARIA PUBLIC AP, WBAN, Santa Barbara, -120.452, 34.894, 243, 0.00
MOUNT SHASTA, WBAN, Siskiyou, -122.333, 41.333, 3535, 1.18
RED BLUFF MUNI AP, WBAN, Tehama, -122.255, 40.152, 354, 0.68
NEEDLES AIRPORT, WBAN, San Bernardino, -114.618, 34.768, 888, T
CHINA LAKE NAF, WBAN, Kern, -117.693, 35.688, 2230, 0.00
SUSANVILLE 2SW, WBAN, Lassen, -120.663, 40.417, 4212, 0.07
TEJON RANCHO, WBAN, Kern, -118.750, 35.023, 1425, 0.13
BURBANK GLENDALE PASADENA AP, WBAN, Los Angeles, -118.365, 34.200, 731, 0.19
CHICO 2.9 W, CoCoRaHS, Butte, -121.861, 39.749, 190, 0.83
MORAGA 2.4 NNW, CoCoRaHS, Contra Costa, -122.138, 37.870, 748, 0.29
SMITH RIVER 1.1 SSE, CoCoRaHS, Del Norte, -124.136, 41.915, 120, 8.34
FORT DICK 0.2 SSW, CoCoRaHS, Del Norte, -124.151, 41.865, 49, 4.58
FRESNO 2.4 NW, CoCoRaHS, Fresno, -119.822, 36.805, 319, 0.00
SUSANVILLE 3.5 SSW, CoCoRaHS, Lassen, -120.674, 40.363, 4347, 0.29
AHWAHNEE 2.5 NNW, CoCoRaHS, Madera, -119.738, 37.400, 2840, 0.08
GRASS VALLEY 1.3 NNE, CoCoRaHS, Nevada, -121.046, 39.238, 2782, 1.20
GRASS VALLEY 2.7 SW, CoCoRaHS, Nevada, -121.092, 39.194, 2334, 1.03
ORANGE 3.0 ENE, CoCoRaHS, Orange, -117.778, 33.826, 649, 0.03
ESCONDIDO 7.2 SE, CoCoRaHS, San Diego, -116.992, 33.056, 1585, 0.28
RANCHO BERNARDO 1.9WSW, CoCoRaHS, San Diego, -117.106, 33.014, 687, 0.34
SAN DIEGO 13.9N, CoCoRaHS, San Diego, -117.163, 32.917, 406, 0.30
REDDING 2.8 NW, CoCoRaHS, Shasta, -122.401, 40.602, 661, 1.33
DORRIS 0.2 SW, CoCoRaHS, Siskiyou, -121.923, 41.963, 4249, 0.27
CAZADERO 6.9 WNW, CoCoRaHS, Sonoma, -123.206, 38.565, 645, 1.85
CAZADERO 5.6 W, CoCoRaHS, Sonoma, -123.189, 38.532, 1211, 2.45
GUERNEVILLE 2.0 SSW, CoCoRaHS, Sonoma, -123.005, 38.485, 69, 1.14
GLEN ELLEN 1.9 NNW, CoCoRaHS, Sonoma, -122.551, 38.382, 365, 0.75
BARSTOW 4.2 NE, CoCoRaHS, San Bernardino, -117.018, 34.924, 2170, 0.00
SOQUEL 0.8 NE, CoCoRaHS, Santa Cruz, -121.936, 37.002, 414, 0.24
RED BLUFF 6.0 W, CoCoRaHS, Tehama, -122.352, 40.159, 418, 0.84
RED BLUFF 7.2 WNW, CoCoRaHS, Tehama, -122.360, 40.224, 557, 0.95
COTTONWOOD 4.4 ESE, CoCoRaHS, Tehama, -122.201, 40.369, 567, 0.85
COTTONWOOD 9.1 SW, CoCoRaHS, Tehama, -122.378, 40.282, 639, 0.82
RED BLUFF 4.5 W, CoCoRaHS, Tehama, -122.326, 40.171, 501, 0.70
MOUNT SHASTA, COOP, Siskiyou, -122.317, 41.322, 3613, 1.18
WATSONVILLE MUNICIPAL AIRPORT, WBAN, Santa Cruz, -121.790, 36.939, 162, 0.11
SANTA ROSA SONOMA CO AP, WBAN, Sonoma, -122.811, 38.504, 119, 0.47
BARSTOW-DAGGETT AIRPORT, WBAN, San Bernardino, -116.787, 34.854, 1919, 0.00
MERCED, COOP, Merced, -120.516, 37.289, 154, 0.04
SAN DIEGO MONTGOMERY FIELD, WBAN, San Diego, -117.137, 32.815, 418, 0.13
SAN DIEGO INTERNATIONAL AP, WBAN, San Diego, -117.183, 32.734, 15, 0.12
SAN DIEGO MIRAMAR NAS, WBAN, San Diego, -117.133, 32.867, 477, 0.16
NORTH ISLAND NAS, WBAN, San Diego, -117.210, 32.692, 14, 0.11
SAN FRANCISCO INTERNATIONAL AP, WBAN, San Mateo, -122.366, 37.620, 10, 0.10
SAN LUIS OBISPO MCCHESNEY FIELD, WBAN, San Luis Obispo, -120.644, 35.238, 183, T
CEDARVILLE, COOP, Modoc, -120.179, 41.530, 4688, 0.68
CHICO UNIVERSITY FARM, COOP, Butte, -121.821, 39.691, 185, 0.89
CHULA VISTA, COOP, San Diego, -117.086, 32.640, 56, 0.00
COLFAX, COOP, Placer, -120.947, 39.090, 2373, 0.55
CUYAMACA, COOP, San Diego, -116.587, 32.990, 4640, 0.61
DAVIS 2 WSW EXP FARM, COOP, Yolo, -121.776, 38.535, 60, 0.17
DEATH VALLEY NATIONAL PARK, WBAN, Inyo, -116.867, 36.463, -194, 0.00
FORT BRAGG 5 N, COOP, Mendocino, -123.756, 39.510, 123, 2.33
HANFORD 1 S, COOP, Kings, -119.637, 36.316, 237, 0.00
HAPPY CAMP RANGER STATION, COOP, Siskiyou, -123.375, 41.796, 1142, 2.76
HEALDSBURG, COOP, Sonoma, -122.866, 38.629, 177, 0.65
INDIO FIRE STATION, COOP, Riverside, -116.215, 33.709, -21, 0.00
LEMON COVE, COOP, Tulare, -119.026, 36.382, 513, 0.10
LIVERMORE, COOP, Alameda, -121.751, 37.682, 529, 0.12
MERCED MUNICIPAL AP, WBAN, Merced, -120.518, 37.286, 152, 0.03
NAPA STATE HOSPITAL, COOP, Napa, -122.265, 38.278, 35, 0.25
OJAI, COOP, Ventura, -119.227, 34.448, 745, 0.00
ORLAND, COOP, Glenn, -122.200, 39.746, 254, 0.68
ORLEANS, COOP, Humboldt, -123.539, 41.302, 403, 1.43
PASO ROBLES, COOP, San Luis Obispo, -120.685, 35.628, 730, 0.00
PETALUMA AIRPORT, COOP, Sonoma, -122.608, 38.258, 20, 0.30
QUINCY, COOP, Plumas, -120.947, 39.937, 3420, 1.73
REDLANDS, COOP, San Bernardino, -117.195, 34.037, 1410, 0.17
SANTA BARBARA, COOP, Santa Barbara, -119.684, 34.417, 16, 0.00
SANTA ROSA, COOP, Sonoma, -122.713, 38.456, 166, 0.44
TAHOE CITY, COOP, Placer, -120.143, 39.168, 6230, 0.66
WASCO, COOP, Kern, -119.352, 35.589, 291, 0.13
WILLOWS 6 W, COOP, Glenn, -122.305, 39.523, 234, 0.50
YOSEMITE PARK HEADQUARTERS, COOP, Mariposa, -119.590, 37.750, 4018, 0.23
YREKA, COOP, Siskiyou, -122.641, 41.703, 2709, 0.36
EUREKA WFO WOODLEY ISLAND, WBAN, Humboldt, -124.160, 40.810, 20, 2.57
SAN LUIS OBISPO POLY, WBAN, San Luis Obispo, -120.662, 35.306, 308, 0.00
IMPERIAL BEACH REAM FIELD NAS, WBAN, San Diego, -117.117, 32.568, 24, 0.01
CAMPO, COOP, San Diego, -116.470, 32.626, 2630, 0.02
EL CENTRO 2 SSW, COOP, Imperial, -115.562, 32.767, -30, 0.00
IMPERIAL COUNTY AP, WBAN, Imperial, -115.577, 32.835, -55, 0.00
EL CENTRO NAF, WBAN, Imperial, -115.664, 32.832, -46, T
ALPINE, COOP, San Diego, -116.777, 32.836, 1695, 0.10
MORONGO VALLEY NORTH, COOP, San Bernardino, -116.562, 34.086, 3145, 0.00
REDONDO BEACH, COOP, Los Angeles, -118.376, 33.834, 142, 0.07
BURBANK VALLEY PUMP PLANT, COOP, Los Angeles, -118.348, 34.187, 655, 0.25
PIEDMONT 1.0 SE, CoCoRaHS, Alameda, -122.216, 37.812, 372, 0.34
CASTRO VALLEY 0.4 NNE, CoCoRaHS, Alameda, -122.059, 37.717, 536, 0.26
PLEASANTON 1.8 SSE, CoCoRaHS, Alameda, -121.875, 37.648, 351, 0.23
PLEASANTON 0.4 ESE, CoCoRaHS, Alameda, -121.881, 37.670, 344, 0.08
MARTINEZ 0.8 SSE, CoCoRaHS, Contra Costa, -122.108, 37.990, 252, 0.11
WALNUT CREEK 1.7 SSE, CoCoRaHS, Contra Costa, -122.034, 37.878, 243, 0.08
LAFAYETTE 0.7 E, CoCoRaHS, Contra Costa, -122.104, 37.894, 248, 0.17
LAFAYETTE 1.9 WSW, CoCoRaHS, Contra Costa, -122.153, 37.888, 518, 0.38
MARTINEZ 2.2 SW, CoCoRaHS, Contra Costa, -122.138, 37.974, 692, 0.24
ANTIOCH 2.2 WSW, CoCoRaHS, Contra Costa, -121.838, 37.979, 178, 0.14
WALNUT CREEK 1.4 SSE, CoCoRaHS, Contra Costa, -122.028, 37.885, 277, 0.19
CRESCENT CITY 5.5 NNE, CoCoRaHS, Del Norte, -124.148, 41.824, 65, 4.91
PLACERVILLE 3.7 SW, CoCoRaHS, El Dorado, -120.849, 38.695, 1755, 0.19
PLACERVILLE 0.9 NE, CoCoRaHS, El Dorado, -120.785, 38.739, 2036, 0.41
CLOVIS 2.9 N, CoCoRaHS, Fresno, -119.693, 36.861, 382, T
HELM 2.7 NNE, CoCoRaHS, Fresno, -120.089, 36.570, 183, 0.01
ARCATA 1.1 NE, CoCoRaHS, Humboldt, -124.069, 40.881, 420, 3.30
MCKINLEYVILLE 2.7 SE, CoCoRaHS, Humboldt, -124.084, 40.923, 325, 3.88
MCKINLEYVILLE 7.3 ESE, CoCoRaHS, Humboldt, -123.998, 40.896, 366, 3.30
TRINIDAD 1.5 NNW, CoCoRaHS, Humboldt, -124.152, 41.078, 201, 3.90
HONEYDEW 3.1 WNW, CoCoRaHS, Humboldt, -124.182, 40.252, 316, 4.17
MCKINLEYVILLE 2.3 NE, CoCoRaHS, Humboldt, -124.086, 40.978, 270, 3.80
FORTUNA 1.5 NW, CoCoRaHS, Humboldt, -124.161, 40.600, 98, 1.35
MIRANDA 4.1 SW, CoCoRaHS, Humboldt, -123.894, 40.209, 539, 2.17
BRIDGEVILLE 5.2 ENE, CoCoRaHS, Humboldt, -123.701, 40.473, 2675, 2.93
FORTUNA 0.1 NW, CoCoRaHS, Humboldt, -124.141, 40.587, 65, 2.52
GARBERVILLE 2.2 SW, CoCoRaHS, Humboldt, -123.824, 40.077, 415, 2.84
GARBERVILLE 2.9 SW, CoCoRaHS, Humboldt, -123.830, 40.068, 389, 3.01
KNEELAND 4.8 WNW, CoCoRaHS, Humboldt, -124.080, 40.790, 106, 1.20
EUREKA 2.2 S, CoCoRaHS, Humboldt, -124.148, 40.764, 194, 2.93
LEMOORE 0.3 SW, CoCoRaHS, Kings, -119.791, 36.295, 223, T
INYOKERN 9.4 WSW, CoCoRaHS, Kern, -117.978, 35.635, 4319, 0.00
ONYX 2.8 ENE, CoCoRaHS, Kern, -118.174, 35.702, 3039, T
GLENDALE 2.4 WSW, CoCoRaHS, Los Angeles, -118.295, 34.169, 511, 0.27
ALTADENA 0.7 ESE, CoCoRaHS, Los Angeles, -118.124, 34.187, 1323, 0.80
WHITTIER 2.9 WNW, CoCoRaHS, Los Angeles, -118.066, 33.986, 171, 0.03
CANYON COUNTRY 2.6 E, CoCoRaHS, Los Angeles, -118.427, 34.427, 1617, 0.00
ARCADIA 2.1 NNE, CoCoRaHS, Los Angeles, -118.028, 34.162, 652, 1.04
LAKEPORT 2.5 N, CoCoRaHS, Lake, -122.917, 39.079, 1370, 0.70
MIDDLETOWN 3.3 SSE, CoCoRaHS, Lake, -122.603, 38.706, 1273, 0.88
SUSANVILLE 3.2 SSW, CoCoRaHS, Lassen, -120.674, 40.368, 4353, 0.49
UKIAH 8.4 NW, CoCoRaHS, Mendocino, -123.331, 39.221, 2492, 1.62
BOONVILLE 2.2 WSW, CoCoRaHS, Mendocino, -123.408, 39.006, 1061, 1.38
UKIAH 1.2 NW, CoCoRaHS, Mendocino, -123.225, 39.158, 746, 1.04
REDWOOD VALLEY 1.5 ENE, CoCoRaHS, Mendocino, -123.178, 39.272, 912, 0.88
LAYTONVILLE 1.1 SW, CoCoRaHS, Mendocino, -123.490, 39.672, 1647, 2.18
POINT ARENA 4.8 ESE, CoCoRaHS, Mendocino, -123.610, 38.883, 1048, 1.96
MARIPOSA 3.7 NNW, CoCoRaHS, Mariposa, -119.988, 37.540, 2942, 0.08
MARIPOSA 12.5 E, CoCoRaHS, Mariposa, -119.742, 37.461, 2952, 0.04
WOODACRE 0.6 SW, CoCoRaHS, Marin, -122.635, 38.005, 439, 1.31
SAN ANSELMO 0.4 NE, CoCoRaHS, Marin, -122.564, 37.987, 107, 0.52
PETALUMA 10.1 W, CoCoRaHS, Marin, -122.812, 38.248, 119, 0.54
TOMALES 1.3 ENE, CoCoRaHS, Marin, -122.883, 38.251, 128, 0.22
MILL VALLEY 1.5 S, CoCoRaHS, Marin, -122.544, 37.886, 209, 0.09
CASTROVILLE 1.6 ENE, CoCoRaHS, Monterey, -121.728, 36.776, 18, 0.05
PACIFIC GROVE 1.5 SSW, CoCoRaHS, Monterey, -121.932, 36.602, 280, 0.07
CARMEL VALLEY VILLAGE 0.7 SSE, CoCoRaHS, Monterey, -121.720, 36.476, 446, 0.14
CASTROVILLE 1.6 ENE, CoCoRaHS, Monterey, -121.727, 36.777, 17, 0.07
CALISTOGA 0.4 SSE, CoCoRaHS, Napa, -122.578, 38.576, 348, 0.45
ST. HELENA 1.1 S, CoCoRaHS, Napa, -122.462, 38.489, 248, 0.57
NEVADA CITY 3.4 NNW, CoCoRaHS, Nevada, -121.040, 39.307, 2390, 1.01
ALTA SIERRA 1.3 S, CoCoRaHS, Nevada, -121.057, 39.104, 2154, 0.86
LAKE OF THE PINES 1.0 WSW, CoCoRaHS, Nevada, -121.077, 39.032, 1576, 0.81
ORANGE 3.5 ENE, CoCoRaHS, Orange, -117.770, 33.829, 811, 0.03
SILVERADO 1.0 ESE, CoCoRaHS, Orange, -117.620, 33.746, 1394, 0.07
LAGUNA BEACH 3.2 SSE, CoCoRaHS, Orange, -117.739, 33.498, 194, 0.24
NEWPORT BEACH 3.1 ESE, CoCoRaHS, Orange, -117.865, 33.589, 84, T
ANAHEIM 4.9 ENE, CoCoRaHS, Orange, -117.792, 33.863, 298, 0.02
ROSEVILLE 4.7 WNW, CoCoRaHS, Placer, -121.377, 38.780, 96, 0.17
PENRYN 0.4 SE, CoCoRaHS, Placer, -121.158, 38.847, 610, 0.38
COLFAX 3.1 SW, CoCoRaHS, Placer, -120.991, 39.061, 2077, 0.90
NEWCASTLE 1.6 SSE, CoCoRaHS, Placer, -121.123, 38.851, 800, 0.36
HEMET 4.1 ENE, CoCoRaHS, Riverside, -116.920, 33.753, 1698, 0.03
LAKE ELSINORE 3.5 WSW, CoCoRaHS, Riverside, -117.381, 33.657, 1356, 0.14
NORCO 1.2 S, CoCoRaHS, Riverside, -117.548, 33.908, 661, 0.15
BEAUMONT 2.5 NW, CoCoRaHS, Riverside, -117.012, 33.954, 2532, 0.16
RIVERSIDE 3.8 NW, CoCoRaHS, Riverside, -117.454, 33.979, 841, 0.13
SACRAMENTO 8.0 NE, CoCoRaHS, Sacramento, -121.361, 38.635, 95, 0.22
CARMICHAEL 0.9 NE, CoCoRaHS, Sacramento, -121.306, 38.643, 130, 0.19
CARMICHAEL 1.4 W, CoCoRaHS, Sacramento, -121.345, 38.638, 109, 0.18
FOLSOM 1.2 SSE, CoCoRaHS, Sacramento, -121.140, 38.660, 362, 0.18
CARMICHAEL 0.9 S, CoCoRaHS, Sacramento, -121.319, 38.621, 108, 0.22
SACRAMENTO 2.0 SE, CoCoRaHS, Sacramento, -121.437, 38.550, 34, 0.18
FOLSOM 0.6 NE, CoCoRaHS, Sacramento, -121.138, 38.682, 399, 0.20
LA RIVIERA 1.0 NE, CoCoRaHS, Sacramento, -121.340, 38.575, 64, 0.11
SUNNYVALE 1.9 SE, CoCoRaHS, Santa Clara, -122.004, 37.365, 85, 0.08
SAN JOSE 5.4 SW, CoCoRaHS, Santa Clara, -121.775, 37.305, 223, 0.09
MONTE SERENO 0.4 SSW, CoCoRaHS, Santa Clara, -121.990, 37.232, 467, 0.19
SAN JOSE 2.7 SSW, CoCoRaHS, Santa Clara, -121.876, 37.271, 162, 0.07
SARATOGA 0.5 N, CoCoRaHS, Santa Clara, -122.023, 37.275, 373, 0.07
SAN JOSE 6.2 W, CoCoRaHS, Santa Clara, -121.961, 37.319, 139, 0.07
LOS GATOS 5.4 SSW, CoCoRaHS, Santa Clara, -121.988, 37.156, 1662, 0.44
SAN MARCOS 2.5 ENE, CoCoRaHS, San Diego, -117.132, 33.147, 666, 0.20
EL CAJON 2.3ENE, CoCoRaHS, San Diego, -116.925, 32.811, 610, 0.04
ENCINITAS 3.34ENE, CoCoRaHS, San Diego, -117.237, 33.050, 193, 0.18
EL CAJON 1.5WSW, CoCoRaHS, San Diego, -116.987, 32.791, 727, 0.07
ESCONDIDO 2.5 SSE, CoCoRaHS, San Diego, -117.048, 33.106, 690, 0.16
POWAY 3.2NE, CoCoRaHS, San Diego, -117.004, 32.996, 1206, 0.16
CHULA VISTA 6.3E, CoCoRaHS, San Diego, -116.975, 32.638, 555, 0.06
POWAY 1.4SW, CoCoRaHS, San Diego, -117.059, 32.949, 444, 0.18
CARDIFF BY THE SEA 0.2 E, CoCoRaHS, San Diego, -117.271, 33.027, 266, 0.19
CHULA VISTA 2.5SE, CoCoRaHS, San Diego, -117.052, 32.617, 266, 0.14
SAN DIEGO 3.5NE, CoCoRaHS, San Diego, -117.110, 32.747, 344, 0.23
SAN DIEGO 7.9NE, CoCoRaHS, San Diego, -117.073, 32.806, 242, 0.17
LA JOLLA 2.1 SE, CoCoRaHS, San Diego, -117.250, 32.826, 491, 0.50
RANCHO BERNARDO 0.5SE, CoCoRaHS, San Diego, -117.067, 33.018, 483, 0.24
EL CAJON 2.3 S, CoCoRaHS, San Diego, -116.959, 32.770, 738, 0.11
POWAY 4.7NNW, CoCoRaHS, San Diego, -117.047, 33.026, 739, 0.17
SAN DIEGO COUNTRY ESTATES 1.5 WNW, CoCoRaHS, San Diego, -116.807, 33.016, 1474, 0.10
REDDING 7.9 NNE, CoCoRaHS, Shasta, -122.291, 40.672, 681, 1.61
REDDING 3.7 N, CoCoRaHS, Shasta, -122.358, 40.626, 618, 1.32
ANDERSON 2.6 NE, CoCoRaHS, Shasta, -122.261, 40.478, 409, 0.94
LINDEN 5.8 ENE, CoCoRaHS, San Joaquin, -121.008, 38.063, 146, 0.22
STOCKTON 5.8 NNE, CoCoRaHS, San Joaquin, -121.255, 38.038, 35, 0.24
LODI 1.0 NNW, CoCoRaHS, San Joaquin, -121.304, 38.136, 43, 0.21
ETNA 3.9 NNW, CoCoRaHS, Siskiyou, -122.923, 41.511, 2966, 0.66
YREKA 0.9 WNW, CoCoRaHS, Siskiyou, -122.649, 41.733, 2692, 0.37
PACIFICA 0.3 W, CoCoRaHS, San Mateo, -122.483, 37.612, 227, 0.28
FOSTER CITY 1.3 SW, CoCoRaHS, San Mateo, -122.259, 37.549, 7, 0.11
HALF MOON BAY 0.5 SSW, CoCoRaHS, San Mateo, -122.441, 37.463, 54, 0.36
PORTOLA VALLEY 1.3 ENE, CoCoRaHS, San Mateo, -122.198, 37.382, 531, 0.25
SANTA ROSA 3.1 W, CoCoRaHS, Sonoma, -122.758, 38.451, 107, 0.57
SANTA ROSA 2.7 WSW, CoCoRaHS, Sonoma, -122.745, 38.432, 123, 0.57
WINDSOR 1.5 WNW, CoCoRaHS, Sonoma, -122.823, 38.555, 123, 0.67
CLOVERDALE 3.2 ESE, CoCoRaHS, Sonoma, -122.963, 38.781, 797, 0.77
SEBASTOPOL 1.1 SSE, CoCoRaHS, Sonoma, -122.819, 38.384, 168, 0.88
WINDSOR 1.2 NNW, CoCoRaHS, Sonoma, -122.805, 38.562, 155, 0.16
SANTA ROSA 1.3 NW, CoCoRaHS, Sonoma, -122.715, 38.464, 173, 0.57
PETALUMA 1.3 SW, CoCoRaHS, Sonoma, -122.639, 38.226, 36, 0.29
WINDSOR 0.6 NNE, CoCoRaHS, Sonoma, -122.793, 38.553, 157, 0.58
GLEN ELLEN 1.9 WNW, CoCoRaHS, Sonoma, -122.572, 38.365, 956, 0.84
ROHNERT PARK 0.9 SW, CoCoRaHS, Sonoma, -122.711, 38.339, 96, 0.67
HEALDSBURG 3.7 WNW, CoCoRaHS, Sonoma, -122.921, 38.648, 142, 0.81
CLOVERDALE 0.6 W, CoCoRaHS, Sonoma, -123.028, 38.799, 382, 0.91
BOYES HOT SPRINGS 0.5 ENE, CoCoRaHS, Sonoma, -122.473, 38.316, 295, 0.31
HEALDSBURG 12.6 NNW, CoCoRaHS, Sonoma, -122.963, 38.784, 1026, 0.73
JOSHUA TREE 2.0 S, CoCoRaHS, San Bernardino, -116.318, 34.097, 3409, 0.00
PINON HILLS 3.5 N, CoCoRaHS, San Bernardino, -117.644, 34.485, 3495, 0.00
KNIGHTS FERRY 5.2 WSW, CoCoRaHS, Stanislaus, -120.752, 37.789, 144, 0.04
OAKDALE 4.2 ENE, CoCoRaHS, Stanislaus, -120.777, 37.782, 232, 0.03
HOLLISTER 2.1 ESE, CoCoRaHS, San Benito, -121.365, 36.842, 389, T
BOULDER CREEK 3.6 NE, CoCoRaHS, Santa Cruz, -122.091, 37.181, 1724, 0.22
HEARST CASTLE, COOP, San Luis Obispo, -121.168, 35.684, 1526, 0.00
OCOTILLO WELLS 2W, COOP, San Diego, -116.169, 33.155, 390, 0.00
IRVINE RANCH, COOP, Orange, -117.723, 33.720, 540, 0.10
MT. LAGUNA #3, COOP, San Diego, -116.419, 32.867, 5920, 0.00
TORRANCE AP, WBAN, Los Angeles, -118.342, 33.802, 90, 0.03
MERCED 23 WSW, WBAN, Merced, -120.882, 37.238, 78, 0.02
REDDING 12 WNW, WBAN, Shasta, -122.607, 40.651, 1418, 2.56
STOVEPIPE WELLS 1 SW, WBAN, Inyo, -117.145, 36.602, 84, 0.00
LOS ANGELES DOWNTOWN/USC, WBAN, Los Angeles, -118.291, 34.024, 179, 0.06
FRESNO YOSEMITE INT'L, WBAN, Fresno, -119.720, 36.780, 334, 0.00
MONTEREY PENINSUL AP, WBAN, Monterey, -121.849, 36.590, 160, 0.10
PASO ROBLES MUNICIPAL AP, WBAN, San Luis Obispo, -120.629, 35.669, 820, T
MONTAGUE SISKIYOU AIRPORT, WBAN, Siskiyou, -122.468, 41.774, 2645, 0.08
SAN JOSE, WBAN, Santa Clara, -121.924, 37.359, 49, 0.11
PALM SPRINGS ASOS, WBAN, Riverside, -116.504, 33.822, 409, 0.00
SAN DIEGO BROWN FIELD, WBAN, San Diego, -116.994, 32.576, 521, 0.10
Bakersfield Area, ThreadEx, -, -, -, -, T
Bishop Area, ThreadEx, -, -, -, -, 0.00
Los Angeles Downtown Area, ThreadEx, -, -, -, -, 0.06
Eureka Area, ThreadEx, -, -, -, -, 2.57
Fresno Area, ThreadEx, -, -, -, -, 0.00
Los Angeles Airport Area, ThreadEx, -, -, -, -, 0.09
Long Beach Area, ThreadEx, -, -, -, -, 0.07
Redding Area, ThreadEx, -, -, -, -, 0.94
Sacramento Area, ThreadEx, -, -, -, -, 0.15
San Diego Area, ThreadEx, -, -, -, -, 0.12
Stockton Area, ThreadEx, -, -, -, -, 0.14
San Francisco Airport Area, ThreadEx, -, -, -, -, 0.10
Santa Maria Area, ThreadEx, -, -, -, -, 0.00
LEMOORE REEVES NAS, WBAN, Fresno, -119.950, 36.333, 232, T
COTTONWOOD 3.9 SW, CoCoRaHS, Tehama, -122.342, 40.358, 447, 0.92
CHIRIACO SUMMIT, COOP, Riverside, -115.721, 33.662, 1706, 0.00
FALLBROOK 5 NE, WBAN, San Diego, -117.190, 33.439, 1140, 0.15
SANTA BARBARA 11 W, WBAN, Santa Barbara, -119.880, 34.414, 18, 0.00
BODEGA 6 WSW, WBAN, Sonoma, -123.075, 38.321, 63, 0.62
YUCCA MESA, COOP, San Bernardino, -116.407, 34.218, 3445, 0.00
JOHNSON VALLEY, COOP, San Bernardino, -116.538, 34.359, 3167, 0.00
BOULDER CREEK 3.0 NW, CoCoRaHS, Santa Cruz, -122.164, 37.169, 875, 0.29
FELTON 4.5 NNE, CoCoRaHS, Santa Cruz, -122.047, 37.105, 838, 0.43
VISALIA 0.7 SSE, CoCoRaHS, Tulare, -119.318, 36.315, 318, T
HAWKINS BAR 0.6 NW, CoCoRaHS, Trinity, -123.530, 40.877, 674, 2.22
MAD RIVER 7.4 SE, CoCoRaHS, Trinity, -123.376, 40.321, 2762, 1.95
TRINITY CENTER 0.6 ESE, CoCoRaHS, Trinity, -122.696, 40.983, 2427, 2.00
THOUSAND OAKS 2.1 WSW, CoCoRaHS, Ventura, -118.898, 34.177, 692, 0.01
CHALLENGE-BROWNSVILLE 1.3 WSW, CoCoRaHS, Yuba, -121.280, 39.452, 2049, 1.63
DAVIS 1.2 SE, CoCoRaHS, Yolo, -121.721, 38.543, 36, 0.24
DAVIS 0.8 NE, CoCoRaHS, Yolo, -121.724, 38.562, 41, 0.25
DAVIS 2.7 W, CoCoRaHS, Yolo, -121.786, 38.552, 57, 0.18
WOODLAND 2.8 SE, CoCoRaHS, Yolo, -121.732, 38.647, 38, 0.24
TAHOMA, COOP, El Dorado, -120.129, 39.060, 6315, 0.91
CORONA MUNICIPAL AIRPORT, WBAN, Riverside, -117.602, 33.898, 533, 0.02
OAKLAND 4.4 NNW, CoCoRaHS, Alameda, -122.250, 37.832, 191, 0.34
OROVILLE 4.8 E, CoCoRaHS, Butte, -121.477, 39.493, 668, 0.60
MCKINLEYVILLE 4.3 E, CoCoRaHS, Humboldt, -124.034, 40.953, 173, 3.59
KNEELAND 0.4 NNW, CoCoRaHS, Humboldt, -123.999, 40.766, 2008, 3.56
DESCANSO 0.3 WNW, CoCoRaHS, San Diego, -116.621, 32.854, 3442, 0.12
SAN DIEGO 5.2WNW, CoCoRaHS, San Diego, -117.245, 32.735, 251, 0.07
VISTA 1.2SE, CoCoRaHS, San Diego, -117.231, 33.186, 505, 0.02
FORESTVILLE 0.7 SW, CoCoRaHS, Sonoma, -122.897, 38.473, 201, 0.74
RIALTO 2.1 N, CoCoRaHS, San Bernardino, -117.381, 34.144, 1482, 0.14
THREE RIVERS 1.7 NE, CoCoRaHS, Tulare, -118.886, 36.458, 1010, 0.15
VERDI 2W, COOP, Sierra, -120.027, 39.521, 5429, 0.41
PASADENA 2.0 SE, CoCoRaHS, Los Angeles, -118.116, 34.139, 739, 0.29
RAYMOND 6.8 NE, CoCoRaHS, Madera, -119.802, 37.272, 1802, 0.00
SUNNYVALE 3.6 S (W6NW), CoCoRaHS, Santa Clara, -122.018, 37.334, 170, 0.05
CRESCENT CITY 4.2 NE, CoCoRaHS, Del Norte, -124.143, 41.800, 98, 6.40
EUREKA 3.0 SSW, CoCoRaHS, Humboldt, -124.181, 40.757, 100, 2.77
YOSEMITE LAKES 4.7 S, CoCoRaHS, Madera, -119.761, 37.124, 1598, 0.00
BIG SUR 7.2 NNW, CoCoRaHS, Monterey, -121.818, 36.353, 2434, 0.07
IRVINE 2.9 WSW, CoCoRaHS, Orange, -117.838, 33.640, 193, 0.08
MISSION VIEJO 3.5 SSE(K6WTA), CoCoRaHS, Orange, -117.639, 33.563, 613, 0.07
IRVINE 4.1 NNE, CoCoRaHS, Orange, -117.772, 33.718, 152, 0.04
LOS ALTOS HILLS 1.3 N, CoCoRaHS, Santa Clara, -122.135, 37.387, 194, 0.16
CHULA VISTA 3.1SE, CoCoRaHS, San Diego, -117.051, 32.604, 200, T
HAGAN'S MEADOW, Snotel, El Dorado, -119.940, 38.850, 7776, 0.50
BLUE LAKES, Snotel, Alpine, -119.920, 38.610, 8057, 1.40
POISON FLAT, Snotel, Alpine, -119.630, 38.510, 7736, 0.80
SONORA PASS, Snotel, Mono, -119.600, 38.310, 8827, 0.30
LEAVITT MEADOWS, Snotel, Mono, -119.550, 38.300, 7198, 0.10
VIRGINIA LAKES RIDGE, Snotel, Mono, -119.230, 38.070, 9445, 2.40
LOBDELL LAKE, Snotel, Mono, -119.370, 38.440, 9233, 0.30
EBBETTS PASS, Snotel, Alpine, -119.800, 38.550, 8765, 0.80
HEAVENLY VALLEY, Snotel, El Dorado, -119.920, 38.920, 8582, 0.90
LEAVITT LAKE, Snotel, Mono, -119.610, 38.280, 9617, 1.50
SPRATT CREEK, Snotel, Alpine, -119.820, 38.670, 6115, 0.20
MONITOR PASS, Snotel, Alpine, -119.610, 38.670, 8310, 0.60
BURNSIDE LAKE, Snotel, Alpine, -119.890, 38.720, 8129, 1.00
SUMMIT MEADOW, Snotel, Mono, -119.540, 38.400, 9313, 0.40
FORESTDALE CREEK, Snotel, Alpine, -119.960, 38.680, 8017, 1.40
HORSE MEADOW, Snotel, Alpine, -119.890, 38.840, 8557, 1.10
CARSON PASS, Snotel, Alpine, -119.990, 38.690, 8353, 0.30
CROWDER FLAT, Snotel, Modoc, -120.750, 41.890, 5170, 0.60
CEDAR PASS, Snotel, Modoc, -120.300, 41.580, 7030, 1.80
DISMAL SWAMP, Snotel, Modoc, -120.180, 41.990, 7360, 4.40
ADIN MTN, Snotel, Modoc, -120.790, 41.240, 6190, 1.20
INDEPENDENCE CREEK, Snotel, Sierra, -120.280, 39.490, 6456, 0.90
INDEPENDENCE CAMP, Snotel, Sierra, -120.290, 39.450, 7003, 0.80
INDEPENDENCE LAKE, Snotel, Nevada, -120.310, 39.430, 8352, 2.30
TRUCKEE #2, Snotel, Placer, -120.180, 39.300, 6509, 0.60
WARD CREEK #3, Snotel, Placer, -120.220, 39.140, 6655, 1.80
TAHOE CITY CROSS, Snotel, Placer, -120.150, 39.170, 6797, 0.70
SQUAW VALLEY G.C., Snotel, Placer, -120.260, 39.190, 8029, 1.50
CSS LAB, Snotel, Nevada, -120.370, 39.330, 6855, 2.20
RUBICON #2, Snotel, El Dorado, -120.130, 39.000, 7689, 0.80
ECHO PEAK, Snotel, El Dorado, -120.080, 38.850, 7670, 0.50
FALLEN LEAF, Snotel, El Dorado, -120.050, 38.930, 6236, 0.50
WASCO 0.8 SSW, CoCoRaHS, Kern, -119.348, 35.583, 325, 0.00
NEVADA CITY 1.7 SSE, CoCoRaHS, Nevada, -121.006, 39.238, 3168, 1.39
LA MESA 2.6E, CoCoRaHS, San Diego, -116.979, 32.770, 1014, 0.14
CARLSBAD 1.3ENE, CoCoRaHS, San Diego, -117.331, 33.166, 194, 0.12
RED BLUFF 4.9 SE, CoCoRaHS, Tehama, -122.175, 40.124, 265, 0.72
CHICO 0.2 ESE, CoCoRaHS, Butte, -121.803, 39.753, 257, 1.08
CRESCENT CITY 7.8 NNE, CoCoRaHS, Del Norte, -124.144, 41.862, 95, 6.06
SAN DIEGO 9.5 NNW, CoCoRaHS, San Diego, -117.221, 32.843, 284, 0.31
LOS OSOS 0.5 N, CoCoRaHS, San Luis Obispo, -120.832, 35.329, 77, 0.00
MENLO PARK 2.4 W, CoCoRaHS, San Mateo, -122.187, 37.477, 25, 0.03
BURLINGAME 2.0 WSW, CoCoRaHS, San Mateo, -122.398, 37.584, 447, 0.42
MARYSVILLE 5.0 N, CoCoRaHS, Yuba, -121.594, 39.224, 73, 0.32
WHEATLAND 0.1 ENE, CoCoRaHS, Yuba, -121.424, 39.013, 85, 0.38
CHICO 1.7 SW, CoCoRaHS, Butte, -121.832, 39.739, 210, 0.92
BLUE LAKE 0.6 NNW, CoCoRaHS, Humboldt, -123.994, 40.888, 179, 2.02
REDWAY 1.8 WSW, CoCoRaHS, Humboldt, -123.852, 40.109, 955, 3.47
UPPER LAKE 3.6 W, CoCoRaHS, Lake, -122.978, 39.168, 1440, 1.23
MORGAN HILL 1.4 SW, CoCoRaHS, Santa Clara, -121.659, 37.117, 433, 0.01
REDDING 3.8 S, CoCoRaHS, Shasta, -122.369, 40.518, 444, 1.12
FORKS OF SALMON 1.0 NW, CoCoRaHS, Siskiyou, -123.334, 41.269, 1664, 2.67
HALF MOON BAY 1.0 S, CoCoRaHS, San Mateo, -122.438, 37.455, 65, 0.22
MOUNT SHASTA 1.7 SSE, CoCoRaHS, Siskiyou, -122.303, 41.299, 3593, 1.65
VOLCANO 3.2 N, CoCoRaHS, Amador, -120.631, 38.488, 2426, 0.29
TRINIDAD 1.0 ENE, CoCoRaHS, Humboldt, -124.124, 41.061, 287, 3.80
BENICIA 1.0 N, CoCoRaHS, Solano, -122.157, 38.086, 246, 0.11
PASADENA 1.8 E, CoCoRaHS, Los Angeles, -118.107, 34.162, 911, 0.45
NORCO 1.7 W, CoCoRaHS, Riverside, -117.582, 33.925, 626, 0.04
DESCANSO 3.7 NNW, CoCoRaHS, San Diego, -116.626, 32.906, 3278, 0.04
OCEANSIDE 8.1ENE, CoCoRaHS, San Diego, -117.256, 33.250, 189, 0.13
SAN MARCOS 2.6W, CoCoRaHS, San Diego, -117.211, 33.147, 657, 0.26
CARLSBAD 8.3SE, CoCoRaHS, San Diego, -117.242, 33.079, 222, 0.16
SALINAS 3.2 NNW, CoCoRaHS, Monterey, -121.656, 36.728, 105, 0.10
MEADOW VALLEY 5.6 WSW, CoCoRaHS, Plumas, -121.100, 39.919, 4438, 0.86
SANTA MARIA 1.8 NE, CoCoRaHS, Santa Barbara, -120.419, 34.959, 235, 0.00
MORGAN HILL 6.4 NE, CoCoRaHS, Santa Clara, -121.546, 37.186, 2624, 0.07
SAN JOSE 1.9 SW, CoCoRaHS, Santa Clara, -121.877, 37.288, 141, 0.05
VALLEY CENTER 6.4N, CoCoRaHS, San Diego, -117.041, 33.311, 1357, 0.09
HOLLISTER 0.3 WSW, CoCoRaHS, San Benito, -121.403, 36.854, 326, 0.01
LOS MOLINOS 5.8 N, CoCoRaHS, Tehama, -122.084, 40.111, 259, 0.70
DESCANSO 0.8 N, CoCoRaHS, San Diego, -116.618, 32.865, 3487, 0.03
BOULEVARD 4.4 WSW, CoCoRaHS, San Diego, -116.348, 32.645, 3521, 0.02
WOODSIDE 3.4 S, CoCoRaHS, San Mateo, -122.264, 37.375, 1592, 0.33
YUCAIPA 1.5 NNE, CoCoRaHS, San Bernardino, -117.038, 34.054, 2776, 0.36
SANTA MONICA 1.3 NNE, CoCoRaHS, Los Angeles, -118.485, 34.032, 186, T
CASPAR 1.4 ESE, CoCoRaHS, Mendocino, -123.789, 39.361, 323, 2.16
LAKESIDE 4.1NNE, CoCoRaHS, San Diego, -116.888, 32.909, 1679, 0.00
CRESCENT CITY 2.1 N, CoCoRaHS, Del Norte, -124.200, 41.785, 31, 5.59
SAN ANSELMO 2.0 NNW, CoCoRaHS, Marin, -122.580, 38.010, 204, 0.54
ANAHEIM 7.3 E, CoCoRaHS, Orange, -117.747, 33.852, 755, 0.05
LOS GATOS 9.6 SSE, CoCoRaHS, Santa Clara, -121.890, 37.104, 2199, 0.60
COTTONWOOD 3.2 WSW, CoCoRaHS, Shasta, -122.339, 40.378, 460, 0.87
CHICO 1.3 E, CoCoRaHS, Butte, -121.782, 39.755, 362, 0.97
SAUSALITO 0.3 WNW, CoCoRaHS, Marin, -122.497, 37.859, 159, 0.47
NOVATO 1.2 SW, CoCoRaHS, Marin, -122.570, 38.079, 228, 0.31
OAKLAND 1.2 ENE, CoCoRaHS, Alameda, -122.203, 37.778, 116, 0.24
BANGOR 0.4 N, CoCoRaHS, Butte, -121.405, 39.395, 820, 0.53
GARBERVILLE 1.1 WSW, CoCoRaHS, Humboldt, -123.810, 40.089, 510, 2.32
ARCATA 0.9 WNW, CoCoRaHS, Humboldt, -124.097, 40.872, 15, 2.72
WHITETHORN 1.7 NNW, CoCoRaHS, Humboldt, -123.959, 40.045, 967, 4.52
BISHOP 1.7 SW, CoCoRaHS, Inyo, -118.415, 37.347, 4221, 0.00
FORT BRAGG 4.0 NNE, CoCoRaHS, Mendocino, -123.785, 39.499, 85, 1.36
CARMEL VALLEY VILLAGE 12.2 SE, CoCoRaHS, Monterey, -121.577, 36.354, 3084, 0.22
TRABUCO CANYON 0.2 N, CoCoRaHS, Orange, -117.589, 33.665, 1052, 0.25
ROCKLIN 2.5 W, CoCoRaHS, Placer, -121.286, 38.809, 130, 0.27
MURRIETA 3.6 NNE, CoCoRaHS, Riverside, -117.188, 33.608, 1723, 0.03
SHINGLETOWN 2.5 E, CoCoRaHS, Shasta, -121.843, 40.499, 3643, 1.51
PACIFICA 1.9 S, CoCoRaHS, San Mateo, -122.479, 37.584, 297, 0.36
CAZADERO 1.3 SSE, CoCoRaHS, Sonoma, -123.078, 38.515, 179, 2.04
KENWOOD 1.4 NNW, CoCoRaHS, Sonoma, -122.551, 38.435, 490, 0.42
SANTA ROSA 2.1 NNE, CoCoRaHS, Sonoma, -122.690, 38.478, 643, 0.57
SAN BERNARDINO 5.1 NW, CoCoRaHS, San Bernardino, -117.350, 34.195, 1735, 0.58
MODESTO 4.1 NW, CoCoRaHS, Stanislaus, -121.057, 37.693, 78, 0.09
SCOTTS VALLEY 1.4 W, CoCoRaHS, Santa Cruz, -122.033, 37.055, 372, 0.43
SONORA 3.4 E, CoCoRaHS, Tuolumne, -120.319, 37.985, 2538, 0.21
DAVIS 1.7 SE, CoCoRaHS, Yolo, -121.711, 38.541, 54, 0.26
MCOLF CAMP PENDLETON RED BEACH AIRPORT, WBAN, San Diego, -117.456, 33.286, 89, 0.10
SOUTH LAKE F.S, COOP, Kern, -118.361, 35.647, 2654, 0.00
Burbank Glendale Pasadena Area, ThreadEx, -, -, -, -, 0.19
Camarillo Area, ThreadEx, -, -, -, -, T
Needles Area, ThreadEx, -, -, -, -, T
Oxnard Area, ThreadEx, -, -, -, -, T
Palm Springs Area, ThreadEx, -, -, -, -, 0.00
Riverside Area, ThreadEx, -, -, -, -, 0.04
Ramona Area, ThreadEx, -, -, -, -, 0.03
LONG VALLEY 2, COOP, Riverside, -116.642, 33.813, 8380, 0.00
VALLEY CENTER 1N, COOP, San Diego, -117.038, 33.222, 1290, 0.21
Northern CA 8 Station Index, null, -, -, -, -, 1.64
San Joaquin 5 Station Index, null, -, -, -, -, 0.11
Tulare 6 Station Index, null, -, -, -, -, 0.12
SANTA ROSA 5.3 E, CoCoRaHS, Sonoma, -122.603, 38.439, 424, 0.71
ALTURAS 9.5 E, CoCoRaHS, Modoc, -120.365, 41.514, 5336, 1.18
DESCANSO 3.7N, CoCoRaHS, San Diego, -116.623, 32.908, 3327, 0.04
BECKWOURTH 3.3 E, CoCoRaHS, Plumas, -120.316, 39.818, 4959, 0.31
PACIFIC GROVE 1.6 SSW, CoCoRaHS, Monterey, -121.941, 36.603, 137, 0.04
LOS ANGELES 2.6 NW, CoCoRaHS, Los Angeles, -118.273, 34.081, 405, 0.22
HONEYDEW 3.2 SSE, CoCoRaHS, Humboldt, -124.105, 40.200, 1395, 6.23
SQUAW VALLEY 0.6 SE, CoCoRaHS, Fresno, -119.187, 36.689, 1309, T
BODEGA BAY 1.3 NW, CoCoRaHS, Sonoma, -123.047, 38.335, 87, 0.87
DAVIS 0.7 NNE, CoCoRaHS, Yolo, -121.729, 38.563, 44, 0.28
COTATI 1.0 SSE, CoCoRaHS, Sonoma, -122.704, 38.314, 192, 0.63
LAKEPORT 0.6 N, CoCoRaHS, Lake, -122.922, 39.051, 1406, 0.56
MENDOCINO 2.7 NNE, CoCoRaHS, Mendocino, -123.776, 39.342, 421, 2.07
CORNING 1.3 ESE, CoCoRaHS, Tehama, -122.159, 39.921, 303, 0.55
SANTEE 2.4NNE, CoCoRaHS, San Diego, -116.976, 32.874, 509, 0.03
FRESNO 7.2 NNE, CoCoRaHS, Fresno, -119.744, 36.877, 386, 0.00
MID-CITY SAN DIEGO 0.5W, CoCoRaHS, San Diego, -117.069, 32.765, 462, 0.19
BENICIA 1.3 SW, CoCoRaHS, Solano, -122.169, 38.056, 9, 0.04
WINCHESTER 6.5 S, CoCoRaHS, Riverside, -117.091, 33.615, 1422, 0.04
LAKE MADERA 1.3 NNE, CoCoRaHS, Madera, -119.984, 37.037, 359, 0.00
BISHOP 1.6 NW, CoCoRaHS, Inyo, -118.415, 37.385, 4183, 0.00
GILROY 2.0 S, CoCoRaHS, Santa Clara, -121.572, 36.981, 221, 0.16
FELTON 4.0 NNE, CoCoRaHS, Santa Cruz, -122.049, 37.098, 1071, 0.38
PETROLIA 0.6 SSE, CoCoRaHS, Humboldt, -124.282, 40.317, 92, 5.07
WHITETHORN 1.4 NW, CoCoRaHS, Humboldt, -123.960, 40.039, 1005, 4.97
FORT BRAGG 3.5 S, CoCoRaHS, Mendocino, -123.802, 39.391, 211, 2.04
PORTOLA HILLS 1.7 WNW, CoCoRaHS, Orange, -117.660, 33.690, 997, 0.15
CLAIREMONT 3.7SSE, CoCoRaHS, San Diego, -117.187, 32.781, 307, 0.32
LAKE CALIFORNIA .4 NW, CoCoRaHS, Tehama, -122.200, 40.352, 372, 0.86
JACKSON 0.8 SSE, CoCoRaHS, Amador, -120.769, 38.339, 1355, 0.24
SQUAW VALLEY 3.1 ESE, CoCoRaHS, Fresno, -119.139, 36.686, 2492, 0.04
ARTESIA 0.5 W, CoCoRaHS, Los Angeles, -118.089, 33.868, 59, 0.04
GUERNEVILLE 0.8 N, CoCoRaHS, Sonoma, -122.999, 38.513, 58, 1.27
BISHOP 1.4 WNW, CoCoRaHS, Inyo, -118.418, 37.379, 4203, 0.00
SAN MARCOS 3.3 WSW, CoCoRaHS, San Diego, -117.228, 33.123, 587, 0.22
TRACY 1.1 SSW, CoCoRaHS, San Joaquin, -121.440, 37.723, 78, 0.07
DEL MAR 0.5 NNW, CoCoRaHS, San Diego, -117.265, 32.973, 9, 0.15
SANTA CLARITA 3.1 WSW, CoCoRaHS, Los Angeles, -118.557, 34.390, 1251, 0.02
PALERMO 2.7 SE, CoCoRaHS, Butte, -121.500, 39.406, 276, 0.44
AUBURN 4.8 N, CoCoRaHS, Placer, -121.092, 38.960, 1445, 0.63
KNEELAND 3.4 WNW, CoCoRaHS, Humboldt, -124.038, 40.799, 1375, 3.00
SACRAMENTO 6.5 NE, CoCoRaHS, Sacramento, -121.374, 38.627, 80, 0.20
PAYNES CREEK 7.9 NNW, CoCoRaHS, Shasta, -121.996, 40.432, 973, 0.89
Crescent City Area, ThreadEx, -, -, -, -, 5.31
Escondido Area, ThreadEx, -, -, -, -, 0.15
Tahoe City Area, ThreadEx, -, -, -, -, 0.66
Ukiah Area, ThreadEx, -, -, -, -, 0.67
WEST BISHOP 14.4 NW, CoCoRaHS, Mono, -118.636, 37.510, 6395, 0.00
VACAVILLE 2.4 NW, CoCoRaHS, Solano, -122.003, 38.383, 280, 0.13
MOUNTAIN VIEW 1.1 S, CoCoRaHS, Santa Clara, -122.077, 37.387, 100, 0.06
SAN JACINTO 4.2 W, CoCoRaHS, Riverside, -117.037, 33.798, 1525, 0.00
TRUCKEE 5.9 ENE, CoCoRaHS, Nevada, -120.104, 39.365, 5948, 0.57
MARIPOSA 7.1 E, CoCoRaHS, Mariposa, -119.839, 37.507, 3210, 0.00
TEHACHAPI 3.4 WNW, CoCoRaHS, Kern, -118.499, 35.146, 3887, 0.02
CONCORD 2.1 SE, CoCoRaHS, Contra Costa, -121.971, 37.953, 267, 0.19
MILL VALLEY 2.1 S, CoCoRaHS, Marin, -122.541, 37.877, 240, M
EL CERRITO 0.3 WNW, CoCoRaHS, Contra Costa, -122.307, 37.923, 137, 0.19
COOL 2.0 ENE, CoCoRaHS, El Dorado, -120.982, 38.896, 1666, 0.64
SANTA CRUZ 8.9 NW, CoCoRaHS, Santa Cruz, -122.151, 37.064, 1739, 1.13
BERKELEY 0.9 SSE, CoCoRaHS, Alameda, -122.289, 37.855, 45, 0.17
GARBERVILLE 0.8 NNW, CoCoRaHS, Humboldt, -123.802, 40.110, 524, 2.34
LEMON GROVE 0.9 W, CoCoRaHS, San Diego, -117.048, 32.736, 444, 0.15
BRENTWOOD 2.5 SSW, CoCoRaHS, Contra Costa, -121.723, 37.899, 182, 0.03
CAMBRIA 27.2 NW, CoCoRaHS, Monterey, -121.397, 35.844, 828, T
GLENDORA 1.4 ESE, CoCoRaHS, Los Angeles, -117.824, 34.135, 962, 0.66
MAD RIVER 1.7 SW, CoCoRaHS, Trinity, -123.520, 40.429, 2532, 2.10
LAKE ELSINORE 2.8 SSW, CoCoRaHS, Riverside, -117.340, 33.631, 1357, 0.01
SAN DIEGO 3.5 ENE, CoCoRaHS, San Diego, -117.078, 32.828, 715, 0.20
WRIGHTWOOD 4.8 NE, CoCoRaHS, San Bernardino, -117.582, 34.417, 4256, T
LINCOLN 1.3 SSW, CoCoRaHS, Placer, -121.322, 38.881, 131, 0.22
GRENADA 0.8 SW, CoCoRaHS, Siskiyou, -122.537, 41.632, 2650, 0.05
BEAUMONT 2.0 NW, CoCoRaHS, Riverside, -117.004, 33.953, 2554, 0.20
WATSONVILLE 3.9 NW, CoCoRaHS, Santa Cruz, -121.822, 36.956, 329, 0.24
CYPRESS 1.1 NNW (KB6CYS), CoCoRaHS, Orange, -118.047, 33.830, 48, 0.04
LA PALMA 0.6 WNW, CoCoRaHS, Orange, -118.049, 33.853, 61, 0.01
BEAUMONT 2.1 ESE, CoCoRaHS, Riverside, -116.947, 33.917, 2561, 0.00
SAN DIEGO 1.9 W, CoCoRaHS, San Diego, -117.169, 32.814, 366, 0.42
Alturas Area, ThreadEx, -, -, -, -, 0.53
Mount Shasta Area, ThreadEx, -, -, -, -, 1.18
Palmdale Area, ThreadEx, -, -, -, -, T
Lancaster Area, ThreadEx, -, -, -, -, 0.00
OAKHURST 1.4 SSE, CoCoRaHS, Madera, -119.638, 37.315, 2543, T
MANTECA 1.3 N, CoCoRaHS, San Joaquin, -121.225, 37.821, 46, 0.14
DINSMORE 2.3 W, CoCoRaHS, Humboldt, -123.650, 40.485, 2429, 2.82
APPLE VALLEY 4.1 ENE, CoCoRaHS, San Bernardino, -117.152, 34.559, 3119, 0.00
AMADOR CITY 1.0 W, CoCoRaHS, Amador, -120.842, 38.420, 889, 0.23
CLOVERDALE 1.4 S, CoCoRaHS, Sonoma, -123.014, 38.780, 367, 0.91
HEMET 2.0 ESE, CoCoRaHS, Riverside, -116.965, 33.722, 1626, 0.02
MARINA 0.4 N, CoCoRaHS, Monterey, -121.791, 36.689, 59, 0.03
SANTA CRUZ 8.8 NW, CoCoRaHS, Santa Cruz, -122.136, 37.072, 1878, 1.19
HIGHLAND 1.8 ESE, CoCoRaHS, San Bernardino, -117.159, 34.111, 1410, 0.41
LA MESA 1.2 E, CoCoRaHS, San Diego, -116.998, 32.772, 675, 0.12
GLEN ELLEN 0.8 NE, CoCoRaHS, Sonoma, -122.528, 38.363, 286, 1.16
SOUTH PASADENA 3.7 WSW, CoCoRaHS, Los Angeles, -118.220, 34.100, 807, 0.29
FALLBROOK 4.6 ESE, CoCoRaHS, San Diego, -117.165, 33.342, 410, 0.08
SAN JUAN CAPISTRANO 0.9 W, CoCoRaHS, Orange, -117.668, 33.501, 109, 0.06
SANTEE 0.7 W, CoCoRaHS, San Diego, -116.994, 32.855, 426, 0.05
SAN RAFAEL 3.7 WNW, CoCoRaHS, Marin, -122.563, 38.011, 112, 0.35
FELTON 0.2 WSW, CoCoRaHS, Santa Cruz, -122.075, 37.042, 333, 0.68
CLOVIS 3.6 NE, CoCoRaHS, Fresno, -119.658, 36.863, 404, 0.00
RIVERSIDE 3.9 NNE, CoCoRaHS, Riverside, -117.372, 33.993, 884, 0.12
SOUTH PASADENA 0.9 SSW, CoCoRaHS, Los Angeles, -118.165, 34.100, 791, 0.25
FREMONT 3.7 NE, CoCoRaHS, Alameda, -121.959, 37.572, 102, 0.13
REDDING 3.7 S, CoCoRaHS, Shasta, -122.368, 40.519, 446, 1.18
YORBA LINDA 2.2 WSW, CoCoRaHS, Orange, -117.799, 33.873, 316, T
SANTA ROSA 2.5 SE, CoCoRaHS, Sonoma, -122.670, 38.421, 190, 0.57
SAN CARLOS 0.2 NW, CoCoRaHS, San Mateo, -122.269, 37.500, 102, 0.16
RANCHO CORDOVA 5.9 ESE, CoCoRaHS, Sacramento, -121.197, 38.570, 243, 0.20
SOLEDAD 12.0 ENE, CoCoRaHS, San Benito, -121.136, 36.517, 1188, 0.02
ELK 1.9 NNE, CoCoRaHS, Mendocino, -123.701, 39.155, 1206, 2.41
EUREKA 0.5 ESE, CoCoRaHS, Humboldt, -124.146, 40.794, 53, 2.41
SAN DIEGO 7.6 SE, CoCoRaHS, San Diego, -117.062, 32.724, 414, 0.13
ESCONDIDO 2.8 SW, CoCoRaHS, San Diego, -117.104, 33.106, 662, 0.15
GLENDALE 3.0 ESE, CoCoRaHS, Los Angeles, -118.210, 34.153, 879, 0.46
ORANGE 2.1 ESE, CoCoRaHS, Orange, -117.792, 33.789, 385, 0.05
HEALDSBURG 0.7 NE, CoCoRaHS, Sonoma, -122.855, 38.626, 338, 0.89
PALM DESERT 2.1 ENE, CoCoRaHS, Riverside, -116.342, 33.744, 229, 0.00
RANCHO SANTA MARGARITA 0.8 NE, CoCoRaHS, Orange, -117.594, 33.650, 1070, 0.15
MCKINLEYVILLE 3.7 E, CoCoRaHS, Humboldt, -124.045, 40.962, 147, 2.50
CLOVERDALE 0.8 SSW, CoCoRaHS, Sonoma, -123.025, 38.789, 384, 0.89
RAMONA 1.8 WSW, CoCoRaHS, San Diego, -116.898, 33.026, 1395, 0.14
RANCHO CORDOVA 0.7 WNW, CoCoRaHS, Sacramento, -121.314, 38.598, 76, 0.17
REDONDO BEACH 2.1 SSW, CoCoRaHS, Los Angeles, -118.389, 33.827, 3, 0.06
VALLEY CENTER 10.9 NE, CoCoRaHS, San Diego, -116.864, 33.314, 5222, 0.20
SEBASTOPOL 3.2 NW, CoCoRaHS, Sonoma, -122.862, 38.436, 210, 0.76
PENN VALLEY 4.4 N, CoCoRaHS, Nevada, -121.197, 39.260, 1316, 0.80
LINCOLN 1.0 NW, CoCoRaHS, Placer, -121.328, 38.910, 137, 0.21
El Cajon Area, ThreadEx, -, -, -, -, 0.04
Hanford Area, ThreadEx, -, -, -, -, T
El Centro Area, ThreadEx, -, -, -, -, 0.00
Madera Area, ThreadEx, -, -, -, -, T
Merced Area, ThreadEx, -, -, -, -, 0.03
MCKINLEYVILLE 1.7 NE, CoCoRaHS, Humboldt, -124.091, 40.969, 260, 2.61
GILROY 3.8 NNE, CoCoRaHS, Santa Clara, -121.554, 37.062, 287, 0.03
BURLINGAME 0.8 WSW, CoCoRaHS, San Mateo, -122.376, 37.585, 71, 0.25
HUMBOLDT HILL 1.5 S, CoCoRaHS, Humboldt, -124.188, 40.704, 524, 3.19
DANVILLE 1.9 W, CoCoRaHS, Contra Costa, -122.006, 37.818, 445, 0.24
CLAREMONT 0.6 SSE, CoCoRaHS, Los Angeles, -117.711, 34.114, 1367, 0.51
ETTERSBURG 2.8 N, CoCoRaHS, Humboldt, -123.990, 40.174, 1644, 3.86
UPLAND 0.9 NNW, CoCoRaHS, San Bernardino, -117.664, 34.131, 1672, 0.32
OAKLAND 1.7 NNW, CoCoRaHS, Alameda, -122.236, 37.794, 123, 0.27
VACAVILLE 2.3 W, CoCoRaHS, Solano, -122.008, 38.361, 220, 0.20
THOUSAND OAKS 2.1 N, CoCoRaHS, Ventura, -118.864, 34.223, 906, 0.06
CRESCENT CITY 1.2 N, CoCoRaHS, Del Norte, -124.197, 41.772, 50, 6.31
MCKINLEYVILLE 1.3 SSW, CoCoRaHS, Humboldt, -124.126, 40.936, 52, 3.36
MOUNT SHASTA 0.9 NNE, CoCoRaHS, Siskiyou, -122.306, 41.333, 3917, 0.03
WOODLAND 1.9 SE, CoCoRaHS, Yolo, -121.745, 38.655, 51, 0.23
NEVADA CITY 3.9 E, CoCoRaHS, Nevada, -120.949, 39.271, 3196, 1.69
CLEARLAKE OAKS 5.0 NE, CoCoRaHS, Lake, -122.593, 39.068, 1276, 0.41
OAKHURST 1.4 ESE, CoCoRaHS, Madera, -119.625, 37.323, 2396, 0.00
SOLANA BEACH 0.7 NNE, CoCoRaHS, San Diego, -117.250, 33.005, 225, 0.27
OCEANSIDE 5.2 SSE, CoCoRaHS, San Diego, -117.266, 33.159, 408, 0.19
LA CRESCENTA-MONTROSE 0.3 NE, CoCoRaHS, Los Angeles, -118.232, 34.237, 2063, 0.73
ALBION 1.1 S, CoCoRaHS, Mendocino, -123.770, 39.206, 199, 1.44
TRUCKEE 1.6 N, CoCoRaHS, Nevada, -120.199, 39.350, 6487, 0.88
OCCIDENTAL 0.3 NNW, CoCoRaHS, Sonoma, -122.940, 38.400, 440, 1.31
LOOMIS 1.8 SE, CoCoRaHS, Placer, -121.168, 38.793, 481, 0.20
MODESTO 0.8 S, CoCoRaHS, Stanislaus, -120.992, 37.649, 92, 0.04
EL CAJON 8.8 ENE, CoCoRaHS, San Diego, -116.825, 32.860, 1201, 0.06
SAN JOSE 3.7 NW, CoCoRaHS, Santa Clara, -121.893, 37.346, 76, 0.13
WILLITS 1.6 ESE, CoCoRaHS, Mendocino, -123.322, 39.392, 1467, 1.01
BONSALL 3.0 W, CoCoRaHS, San Diego, -117.271, 33.274, 367, 0.21
CALLAHAN 2.3 NNW, CoCoRaHS, Siskiyou, -122.825, 41.338, 3029, 0.21
EUREKA 5.6 SSW, CoCoRaHS, Humboldt, -124.204, 40.723, 381, 2.88
CRESTLINE 1.4 ESE, CoCoRaHS, San Bernardino, -117.272, 34.240, 4577, 1.22
SANTA CRUZ 0.9 WNW, CoCoRaHS, Santa Cruz, -122.049, 36.980, 373, 0.43
DOUGLAS CITY 6.9 ESE, CoCoRaHS, Trinity, -122.824, 40.610, 2821, 0.69
JUNCTION CITY 1.6 N, CoCoRaHS, Trinity, -123.059, 40.756, 1579, 1.30
LIVE OAK 1.3 WNW, CoCoRaHS, Santa Cruz, -122.003, 36.988, 95, 0.37
WATSONVILLE 4.4 NW, CoCoRaHS, Santa Cruz, -121.821, 36.967, 399, 0.23
EUREKA 4.7 S, CoCoRaHS, Humboldt, -124.173, 40.729, 103, 2.45
PERRIS 10.6 W, CoCoRaHS, Riverside, -117.405, 33.821, 1586, 0.10
GILROY 0.1 SE, CoCoRaHS, Santa Clara, -121.577, 37.009, 211, 0.03
BENICIA 1.3 W, CoCoRaHS, Solano, -122.178, 38.075, 304, 0.12
DAVIS 2.3 W, CoCoRaHS, Yolo, -121.778, 38.559, 55, 0.20
GRIDLEY 3.3 SE, CoCoRaHS, Butte, -121.646, 39.335, 92, 0.30
SOUTH LAKE TAHOE 4.9 SW, CoCoRaHS, El Dorado, -120.034, 38.882, 6325, 0.71
EL DORADO HILLS 0.9 NNW, CoCoRaHS, El Dorado, -121.087, 38.698, 771, 0.26
INDEPENDENCE 0.2 NNW, CoCoRaHS, Inyo, -118.201, 36.806, 3914, 0.00
COARSEGOLD 1.4 SE, CoCoRaHS, Madera, -119.686, 37.247, 2674, 0.00
CHOWCHILLA 0.3 E, CoCoRaHS, Madera, -120.252, 37.116, 238, T
SAN RAFAEL 4.6 NW, CoCoRaHS, Marin, -122.574, 38.020, 166, 0.24
BOLINAS 0.2 W, CoCoRaHS, Marin, -122.701, 37.906, 190, 0.49
LAGUNITAS-FOREST KNOLLS 0.2 SSE, CoCoRaHS, Marin, -122.686, 38.013, 269, 1.45
SAN RAFAEL 1.9 NNW, CoCoRaHS, Marin, -122.524, 38.005, 15, 0.20
AUBURN 5.3 NNW, CoCoRaHS, Placer, -121.115, 38.963, 1236, 0.59
SUNNYSLOPE 1.6 W, CoCoRaHS, Riverside, -117.450, 34.016, 946, 0.22
FAIR OAKS 3.0 WNW, CoCoRaHS, Sacramento, -121.300, 38.662, 173, 0.20
BUELLTON 0.7 S, CoCoRaHS, Santa Barbara, -120.199, 34.617, 363, 0.00
BOULDER CREEK 4.1 N, CoCoRaHS, Santa Cruz, -122.141, 37.195, 984, 0.22
CAMARILLO 0.6 N, CoCoRaHS, Ventura, -119.030, 34.231, 178, 0.00
DAVIS 6.3 W, CoCoRaHS, Yolo, -121.852, 38.561, 86, 0.17
DAVIS 1.6 NNW, CoCoRaHS, Yolo, -121.751, 38.574, 57, 0.22
ALBANY 1.7 E, CoCoRaHS, Alameda, -122.296, 37.895, 55, 0.20
WALNUT CREEK 2.3 WSW, CoCoRaHS, Contra Costa, -122.081, 37.891, 252, 0.18
TRINIDAD 0.2 NE, CoCoRaHS, Humboldt, -124.140, 41.059, 180, 3.52
LONG BEACH 1.1 SE, CoCoRaHS, Los Angeles, -118.147, 33.777, 48, 0.10
NEWCASTLE 0.4 SSW, CoCoRaHS, Placer, -121.137, 38.868, 824, 0.38
YUCAIPA 4.1 SE, CoCoRaHS, Riverside, -116.986, 33.998, 3563, 0.36
JACUMBA 0.3 NNW, CoCoRaHS, San Diego, -116.190, 32.621, 2821, 0.00
MILLVILLE 3.6 SW, CoCoRaHS, Shasta, -122.173, 40.545, 506, 1.12
SANTA ROSA 2.3 NW, CoCoRaHS, Sonoma, -122.733, 38.470, 137, 0.50
HEALDSBURG 2.9 N, CoCoRaHS, Sonoma, -122.864, 38.661, 177, 0.55
FAIRFIELD 5.9 WSW, CoCoRaHS, Solano, -122.143, 38.222, 3303, 0.31
STATE LINE, Snotel, Modoc, -120.720, 41.990, 5680, 1.10
SANTA ANA 2.0 N, CoCoRaHS, Orange, -117.888, 33.766, 110, 0.01
POWAY 3.9 NNW, CoCoRaHS, San Diego, -117.046, 33.036, 648, 0.15
UPLAND 1.8 NNE, CoCoRaHS, San Bernardino, -117.649, 34.144, 1779, 0.89
MAXWELL 5.1 N, CoCoRaHS, Colusa, -122.177, 39.349, 91, 0.34
HUNTINGTON BEACH 2.0 ESE, CoCoRaHS, Orange, -117.974, 33.685, 13, 0.03
RANCHO CORDOVA 1.5 SE, CoCoRaHS, Sacramento, -121.281, 38.580, 104, 0.23
N CLAIREMONT 0.6SSE, CoCoRaHS, San Diego, -117.199, 32.826, 341, 0.33
REDWOOD CITY 3.3 SSW, CoCoRaHS, San Mateo, -122.234, 37.474, 31, 0.08
CAZADERO 6.6 WNW, CoCoRaHS, Sonoma, -123.200, 38.562, 919, 2.04
PHELAN 6.2 E, CoCoRaHS, San Bernardino, -117.464, 34.438, 3665, 0.00
TWAIN HARTE 1.6 SW, CoCoRaHS, Tuolumne, -120.253, 38.024, 3231, 0.04
TUOLUMNE CITY 2.0 N, CoCoRaHS, Tuolumne, -120.237, 37.992, 2915, 0.25
THOUSAND OAKS 2.3 NE, CoCoRaHS, Ventura, -118.837, 34.215, 1093, 0.06
DEL MONTE FOREST 1.6 ESE, CoCoRaHS, Monterey, -121.918, 36.579, 686, 0.32
BAKERSFIELD 6.1 WSW, CoCoRaHS, Kern, -119.108, 35.331, 370, 0.00
WALKER BASIN 0.9 E, CoCoRaHS, Kern, -118.507, 35.409, 3435, 0.00
ROLLING HILLS 3.9 SE, CoCoRaHS, Los Angeles, -118.295, 33.721, 279, 0.10
FORTUNA 1.1 S, CoCoRaHS, Humboldt, -124.138, 40.570, 163, 2.20
DANA POINT 2.1 N, CoCoRaHS, Orange, -117.691, 33.487, 377, 0.04
BERKELEY 1.1 NE, CoCoRaHS, Alameda, -122.281, 37.878, 120, 0.22
FRESNO 1.5 ENE, CoCoRaHS, Fresno, -119.770, 36.791, 326, T
CARMICHAEL 2.1 N, CoCoRaHS, Sacramento, -121.321, 38.665, 136, 0.21
EL CAJON 7.8 NE, CoCoRaHS, San Diego, -116.851, 32.866, 1036, 0.04
REDWAY 0.6 NW, CoCoRaHS, Humboldt, -123.827, 40.124, 449, 2.13
CRESCENT CITY 5.5 NNE, CoCoRaHS, Del Norte, -124.163, 41.830, 50, 6.57
MCKINLEYVILLE 2.0 SSE, CoCoRaHS, Humboldt, -124.099, 40.927, 186, 3.51
CONCORD 0.6 N, CoCoRaHS, Contra Costa, -121.999, 37.982, 143, 0.08
FORTUNA 1.3 NW, CoCoRaHS, Humboldt, -124.156, 40.600, 86, 1.39
SANTA CRUZ 0.5 ENE, CoCoRaHS, Santa Cruz, -122.028, 36.977, 64, 0.34
SAN FRANCISCO 1.6 SE, CoCoRaHS, San Francisco, -122.397, 37.759, 215, 0.17
IGO 3.4 NW, CoCoRaHS, Shasta, -122.579, 40.546, 1954, 4.36
FORESTVILLE 1.4 SW, CoCoRaHS, Sonoma, -122.904, 38.466, 121, 0.81
San Jose Area, ThreadEx, -, -, -, -, 0.11
MODESTO IRRIGATION DISTRICT, COOP, Stanislaus, -120.003, 37.644, 88, 0.03
COVELO 14.2 NNW, CoCoRaHS, Trinity, -123.361, 39.981, 1786, 0.55
ANGELS 5.8 W, CoCoRaHS, Calaveras, -120.653, 38.064, 1414, 0.16
PETROLIA 4.0 SW, CoCoRaHS, Humboldt, -124.345, 40.288, 341, 4.58
NOVATO 2.7 SSE, CoCoRaHS, Marin, -122.534, 38.058, 116, 0.14
SANTA ROSA 0.6 SSW, CoCoRaHS, Sonoma, -122.705, 38.441, 182, 0.49
PALM SPRINGS 3.1 N, CoCoRaHS, Riverside, -116.530, 33.820, 462, 0.00
CORONA 2.3 W, CoCoRaHS, Riverside, -117.609, 33.864, 868, 0.11
DIAMOND SPRINGS 0.7 ENE, CoCoRaHS, El Dorado, -120.811, 38.691, 1877, 0.36
CARLOTTA 4.8 SE, CoCoRaHS, Humboldt, -123.991, 40.494, 237, 2.36
BELMONT 0.2 NW, CoCoRaHS, San Mateo, -122.298, 37.517, 419, 0.26
CASA CONEJO 0.8 ESE, CoCoRaHS, Ventura, -118.929, 34.179, 664, 0.03
FORTUNA 2.0 NW, CoCoRaHS, Humboldt, -124.162, 40.609, 331, 2.01
KARUK SOMES BAR 2.2 WNW, CoCoRaHS, Siskiyou, -123.517, 41.383, 2126, 5.57
VACAVILLE 2.3 NW, CoCoRaHS, Solano, -121.995, 38.386, 433, 0.11
LARKSPUR 1.0 SW, CoCoRaHS, Marin, -122.544, 37.932, 148, 1.34
SAN CLEMENTE 1.6 SSW, CoCoRaHS, Orange, -117.623, 33.427, 112, 0.20
SANTA CRUZ 5.8 NNE, CoCoRaHS, Santa Cruz, -121.979, 37.044, 686, 0.73
OCCIDENTAL 1.8 NW, CoCoRaHS, Sonoma, -122.965, 38.410, 982, 1.53
HEALDSBURG 0.6 NNE, CoCoRaHS, Sonoma, -122.859, 38.626, 218, 0.64
SUTTER CREEK 0.4 NNW, CoCoRaHS, Amador, -120.806, 38.396, 1198, 0.28
MENDOCINO 0.5 NE, CoCoRaHS, Mendocino, -123.793, 39.313, 249, 1.97
TIMBER COVE 0.9 NW, CoCoRaHS, Sonoma, -123.286, 38.546, 354, 0.92
SCOTTS VALLEY 0.1 SE, CoCoRaHS, Santa Cruz, -122.007, 37.055, 605, 0.42
IRVINE 1.9 W, CoCoRaHS, Orange, -117.828, 33.659, 89, 0.04
LAKEPORT 0.6 SE, CoCoRaHS, Lake, -122.914, 39.036, 1332, 0.56
GOLETA 0.3 ENE, CoCoRaHS, Santa Barbara, -119.823, 34.437, 37, 0.00
ARNOLD 1.6 NNE, CoCoRaHS, Calaveras, -120.360, 38.254, 4023, 0.46
EL GRANADA 0.4 WSW, CoCoRaHS, San Mateo, -122.473, 37.507, 141, 0.43
COTTONWOOD 5.1 ESE, CoCoRaHS, Tehama, -122.197, 40.353, 357, 0.81
MONO CITY 1.9 SW, CoCoRaHS, Mono, -119.166, 38.020, 6791, 0.02
EUREKA 2.4 SSW, CoCoRaHS, Humboldt, -124.174, 40.763, 132, 2.60
VISTA 0.3 SSE, CoCoRaHS, San Diego, -117.237, 33.185, 530, 0.13
ATASCADERO 2.3 NNE, CoCoRaHS, San Luis Obispo, -120.673, 35.517, 806, 0.00
HIDDEN HILLS 6.0 ENE, CoCoRaHS, Los Angeles, -118.558, 34.186, 770, 0.00
CHINO 4.2 SE, CoCoRaHS, San Bernardino, -117.642, 33.958, 573, 0.01
SAN FRANCISCO 3.4 S, CoCoRaHS, San Francisco, -122.410, 37.727, 141, 0.17
RIVER PINES 0.2 SE, CoCoRaHS, Amador, -120.743, 38.544, 2033, 0.17
HIDDEN VALLEY LAKE 2.7 W, CoCoRaHS, Lake, -122.568, 38.814, 1167, 0.47
ARCATA 4.6 WSW, CoCoRaHS, Humboldt, -124.164, 40.846, 22, 3.11
PITTSBURG 0.7 W, CoCoRaHS, Contra Costa, -121.903, 38.018, 57, 0.07
SAN DIEGO 4.7 ESE, CoCoRaHS, San Diego, -117.061, 32.789, 761, 0.19
NORTH HIGHLANDS 0.3 NE, CoCoRaHS, Sacramento, -121.376, 38.670, 99, 0.20
CAMINO 1.2 N, CoCoRaHS, El Dorado, -120.671, 38.755, 3091, 0.71
CORTE MADERA 0.8 SSE, CoCoRaHS, Marin, -122.502, 37.912, 97, 0.48
POTTER VALLEY 8.4 ENE, CoCoRaHS, Lake, -122.964, 39.364, 2849, 1.25
BERKELEY 2.0 NE, CoCoRaHS, Alameda, -122.270, 37.887, 333, 0.22
FAIRFAX 1.3 SW, CoCoRaHS, Marin, -122.613, 37.978, 213, 1.12
LODI 1.4 NE, CoCoRaHS, San Joaquin, -121.278, 38.139, 58, 0.24
SAN FRANCISCO 3.1 W, CoCoRaHS, San Francisco, -122.476, 37.778, 166, 0.01
PETALUMA 1.4 S, CoCoRaHS, Sonoma, -122.625, 38.221, 91, 0.25
SACRAMENTO 3.6 E, CoCoRaHS, Sacramento, -121.401, 38.565, 43, 0.22
NEWPORT BEACH 1.2 E, CoCoRaHS, Orange, -117.888, 33.613, 90, 0.16
SAN JOSE 3.6 S, CoCoRaHS, Santa Clara, -121.856, 37.252, 178, 0.10
SAN JOSE 3.5 ENE, CoCoRaHS, Santa Clara, -121.789, 37.319, 201, 0.15
AUBURN 1.5 NE, CoCoRaHS, Placer, -121.058, 38.908, 1329, 0.53
LAKESIDE 0.9 NE, CoCoRaHS, San Diego, -116.898, 32.857, 500, 0.00
WILLITS 3.3 WNW, CoCoRaHS, Mendocino, -123.405, 39.424, 2399, 2.44
SAN DIEGO 6.6 S, CoCoRaHS, San Diego, -117.114, 32.722, 188, 0.17
SAN DIEGO 5.0 NW, CoCoRaHS, San Diego, -117.208, 32.855, 371, 0.21
ALTURAS 9 ENE, COOP, Modoc, -120.364, 41.515, 5307, 1.18
AUBURN 0.2 NW, CoCoRaHS, Placer, -121.079, 38.894, 1261, 0.34
OAKDALE 4.1 ENE, CoCoRaHS, Stanislaus, -120.778, 37.780, 219, 0.02
PLYMOUTH 7.1 NE, CoCoRaHS, Amador, -120.746, 38.546, 2023, 0.32
GUALALA 3.7 NW, CoCoRaHS, Mendocino, -123.579, 38.812, 475, 2.30
FIDDLETOWN 3.5 SE, CoCoRaHS, Amador, -120.703, 38.478, 2082, 0.25
KELSEYVILLE 2.8 NNE, CoCoRaHS, Lake, -122.811, 38.997, 1340, 0.45
CHICO 8.1 SSW, CoCoRaHS, Butte, -121.873, 39.647, 142, 0.97
WESTHAVEN-MOONSTONE 0.9 SSE, CoCoRaHS, Humboldt, -124.100, 41.029, 357, 3.56
DAVIS 2.2 W, CoCoRaHS, Yolo, -121.777, 38.553, 59, 0.19
BIG BEAR CITY 0.4 W, CoCoRaHS, San Bernardino, -116.852, 34.265, 6777, 0.00
NEVADA CITY 2.0 NNW, CoCoRaHS, Nevada, -121.030, 39.288, 2668, 0.97
PENN VALLEY 0.3 SE, CoCoRaHS, Nevada, -121.187, 39.193, 1436, 1.00
OJAI 5.9 E, CoCoRaHS, Ventura, -119.144, 34.435, 1512, 0.10
REDWOOD CITY 2.5 S, CoCoRaHS, San Mateo, -122.210, 37.480, 19, 0.07
OAKHURST 2.7 ENE, CoCoRaHS, Madera, -119.605, 37.355, 3364, 0.01
WARNER SPRINGS 2.0 ENE, CoCoRaHS, San Diego, -116.616, 33.286, 3443, 0.09
PASO ROBLES 0.6 WNW, CoCoRaHS, San Luis Obispo, -120.674, 35.636, 855, T
GLEN ELLEN 0.7 ESE, CoCoRaHS, Sonoma, -122.527, 38.353, 316, 1.36
SAN DIEGO 7.4 NNE, CoCoRaHS, San Diego, -117.087, 32.914, 847, 0.25
HEMET 2.0 NNW, CoCoRaHS, Riverside, -117.012, 33.758, 1523, T
SAN MATEO 0.1 S, CoCoRaHS, San Mateo, -122.312, 37.560, 11, 0.10
EL SOBRANTE 1.8 SE, CoCoRaHS, Contra Costa, -122.274, 37.955, 153, 0.24
VACAVILLE 2.0 S, CoCoRaHS, Solano, -121.962, 38.334, 103, 0.13
YREKA 7.1 SSE, CoCoRaHS, Siskiyou, -122.582, 41.633, 2944, 0.31
MEADOW VISTA 5.1 W, CoCoRaHS, Placer, -121.125, 38.992, 1447, 0.79
WILDOMAR 1.9 NE, CoCoRaHS, Riverside, -117.231, 33.631, 1859, 0.05
ESCALON 0.8 NNE, CoCoRaHS, San Joaquin, -120.992, 37.800, 127, 0.06
ORLEANS 0.0 N, CoCoRaHS, Humboldt, -123.543, 41.302, 410, 2.95
WHITETHORN 2.4 WSW, CoCoRaHS, Humboldt, -123.983, 40.008, 1907, 4.20
CLEMENTS 2.0 ESE, CoCoRaHS, San Joaquin, -121.056, 38.176, 218, 0.23</pre>